日期,信准明汯500指数增强(SEE851),宽投瑞安1号私募投资基金(SLR574),行知星享因诺兴泰进取2号1期(SSN701),华泰尊享1号集合资产管理计划241期,浦银安盛沪深300指数增强(519116),易方达均衡成长股票型证券投资基金(009341),兴全趋势(163402),国金量化精选混合A(014805)
2020-01-02,,,,,1.749,,0.7513,
2020-01-03,,,,,1.744,,0.7504,
2020-01-06,,,,,1.736,,0.7535,
2020-01-07,,,,,1.749,,0.7546,
2020-01-08,,,,,1.727,,0.7465,
2020-01-09,,,,,1.747,,0.756,
2020-01-10,,,,,1.749,,0.757,
2020-01-13,,,,,1.763,,0.7632,
2020-01-14,,,,,1.755,,0.7604,
2020-01-15,,,,,1.747,,0.7586,
2020-01-16,,,,,1.74,,0.7577,
2020-01-17,,,,,1.745,,0.7626,
2020-01-20,1.9636,,,,1.76,,0.7656,
2020-01-21,,,,,1.732,,0.7529,
2020-01-22,,,,,1.74,,0.7632,
2020-01-23,,,,,1.694,,0.7464,
2020-01-29,,,,,,,,
2020-02-03,,,,,1.569,,0.7048,
2020-02-04,,,,,1.611,,0.7299,
2020-02-05,,,,,1.627,,0.7413,
2020-02-06,,,,,1.653,,0.7605,
2020-02-07,,,,,1.654,,0.7636,
2020-02-10,,,,,1.66,,0.7734,
2020-02-11,,,,,1.675,,0.7752,
2020-02-12,,,,,1.685,,0.7779,
2020-02-13,,,,,1.678,,0.7772,
2020-02-14,,,,,1.688,,0.7831,
2020-02-17,,,,,1.727,,0.7983,
2020-02-18,,,,,1.718,,0.8032,
2020-02-19,,,,,1.717,,0.8013,
2020-02-20,,,,,1.751,,0.8126,
2020-02-21,,,,,1.76,,0.8146,
2020-02-24,,,,,1.753,,0.8177,
2020-02-25,,,,,1.744,,0.8211,
2020-02-26,,,,,1.725,,0.8123,
2020-02-27,,,,,1.734,,0.817,
2020-02-28,,,,,1.683,,0.7934,
2020-03-02,,,,,1.644,,0.819,
2020-03-03,,,,,1.648,,0.8201,
2020-03-04,,,,,1.657,,0.83,
2020-03-05,,,,,1.691,,0.8394,
2020-03-06,,,,,1.665,,0.8322,
2020-03-09,,,,,1.609,,0.8031,
2020-03-10,,,,,1.641,,0.8178,
2020-03-11,,,,,1.621,,0.8102,
2020-03-12,,,,,1.588,,0.7974,
2020-03-13,,,,,1.565,,0.791,
2020-03-14,,,,,,,,
2020-03-16,,,,,1.5,,0.7558,
2020-03-17,,,,,1.493,,0.7508,
2020-03-18,,,,,1.467,,0.7381,
2020-03-19,,,,,1.451,,0.7394,
2020-03-20,,,,,1.478,,0.7523,
2020-03-23,,,,,1.436,,0.7293,
2020-03-24,,,,,1.475,,0.7468,
2020-03-25,,,,,1.508,,0.7641,
2020-03-26,,,,,1.499,,0.7629,
2020-03-27,,,,,1.505,,0.7635,
2020-03-30,,,,,1.493,,0.7562,
2020-03-31,,,,,1.5,,0.7527,
2020-04-01,,,,,1.492,,0.7503,
2020-04-02,,,,,1.512,,0.7613,
2020-04-03,,,,,1.508,,0.7633,
2020-04-07,,,,,1.542,,0.7846,
2020-04-08,,,,,1.535,,0.7849,
2020-04-09,,,,,1.541,,0.7863,
2020-04-10,,,,,1.531,,0.7797,
2020-04-13,,,,,1.526,,0.7835,
2020-04-14,,,,,1.554,,0.7997,
2020-04-15,,,,,1.54,,0.7905,
2020-04-16,,,,,1.543,,0.7923,
2020-04-17,,,,,1.557,,0.7973,
2020-04-20,,,,,1.566,,0.8006,
2020-04-21,,,,,1.549,,0.7936,
2020-04-22,,,,,1.563,,0.8,
2020-04-23,,,,,1.559,,0.8001,
2020-04-24,,,,,1.548,,0.792,
2020-04-27,,,,,1.56,,0.7911,
2020-04-28,,,,,1.5,,0.8045,
2020-04-29,,,,,1.503,,0.8041,
2020-04-30,,,,,1.516,,0.8101,
2020-05-06,,,,,1.522,,0.816,
2020-05-07,,,,,1.52,,0.8113,
2020-05-08,,,,,1.535,,0.8198,
2020-05-11,,,,,1.534,,0.8214,
2020-05-12,,,,,1.536,,0.826,
2020-05-13,,,,,1.54,,0.8255,
2020-05-14,,,,,1.524,,0.815,
2020-05-15,,,,,1.518,,0.8125,
2020-05-18,,,,,1.523,,0.8198,
2020-05-19,,,,,1.535,,0.8313,
2020-05-20,,,,,1.526,,0.8205,
2020-05-21,,,,,1.517,,0.8122,
2020-05-22,,,,,1.486,1.0,0.7973,
2020-05-25,,,,,1.489,,0.7984,
2020-05-26,,,,,1.505,,0.8086,
2020-05-27,,,,,1.494,,0.8031,
2020-05-28,,,,,1.497,,0.8023,
2020-05-29,,,,,1.502,1.0007,0.8093,
2020-06-01,,,,,1.54,,0.8272,
2020-06-02,,,,,1.548,,0.8253,
2020-06-03,,,,,1.548,,0.8295,
2020-06-04,,,,,1.547,,0.8267,
2020-06-05,,,,,1.553,1.0063,0.8245,
2020-06-08,,,,,1.563,,0.828,
2020-06-09,,,,,1.573,,0.8322,
2020-06-10,,,,,1.574,,0.8297,
2020-06-11,,,,,1.559,,0.824,
2020-06-12,,,,,1.562,1.011,0.8245,
2020-06-15,,,,,1.543,,0.8197,
2020-06-16,,,,,1.565,,0.8306,
2020-06-17,,,,,1.566,,0.8339,
2020-06-18,,,,,1.577,,0.8362,
2020-06-19,,,,,1.597,1.019,0.8435,
2020-06-22,,,,,1.599,,0.8425,
2020-06-23,,,,,1.607,,0.8434,
2020-06-24,,,,,1.619,1.0249,0.8484,
2020-06-29,,,,,1.608,,0.843,
2020-06-30,,,,,1.631,1.0309,0.853,
2020-07-01,,,,,1.666,,0.8703,
2020-07-02,,,,,1.702,1.0358,0.8804,
2020-07-03,,,,,1.731,1.0404,0.8888,
2020-07-06,,,,,1.823,1.0533,0.926,
2020-07-07,,,,,1.837,1.0588,0.9318,
2020-07-08,,,,,1.868,1.0682,0.9523,
2020-07-09,,,,,1.891,1.0783,0.9782,
2020-07-10,,,,,1.857,1.0726,0.9734,
2020-07-13,,,,,1.892,1.0821,0.9972,
2020-07-14,,,,,1.877,1.0749,0.9853,
2020-07-15,,,,,1.865,1.0726,0.9795,
2020-07-16,,,,,1.786,1.048,0.9417,
2020-07-17,,,,,1.804,1.053,0.9554,
2020-07-20,,,,,1.861,1.0593,0.99,
2020-07-21,,,,,1.863,1.0677,0.9883,
2020-07-22,,,,,1.876,1.0695,0.9911,
2020-07-23,,,,,1.871,1.0758,0.9886,
2020-07-24,,,,,1.794,1.0536,0.9498,
2020-07-27,,,,,1.802,1.0534,0.9567,
2020-07-28,,,,,1.819,1.0611,0.957,
2020-07-29,,,,,1.859,1.0694,0.9762,
2020-07-30,,,,,1.847,1.0683,0.9682,
2020-07-31,,,,,1.78,1.0732,0.9711,
2020-08-03,,,,,1.805,1.0792,0.9917,
2020-08-04,,,,,1.808,1.0757,0.9919,
2020-08-05,,,,,1.807,1.0798,0.9973,
2020-08-06,,,,,1.806,1.0752,1.0052,
2020-08-07,,,,,1.791,1.069,1.0012,
2020-08-10,,,,,1.803,1.0647,0.9173,
2020-08-11,,,,,1.79,1.0603,0.8994,
2020-08-12,,,,,1.779,1.0497,0.887,
2020-08-13,,,,,1.776,1.0491,0.8903,
2020-08-14,,,,,1.807,1.0555,0.9053,
2020-08-17,,,,,1.851,1.0617,0.9252,
2020-08-18,,,,,1.856,1.0667,0.9285,
2020-08-19,,,,,1.826,1.0545,0.9196,
2020-08-20,,,,,1.805,1.0458,0.9104,
2020-08-21,,,,,1.818,1.051,0.9157,
2020-08-24,,,,,1.836,1.0628,0.9293,
2020-08-25,,,,,1.84,1.0627,0.9254,
2020-08-26,,,,,1.819,1.0522,0.9215,
2020-08-27,,,,,1.826,1.0597,0.9231,
2020-08-28,,,,,1.874,1.0724,0.942,
2020-08-31,,,,,1.86,1.0626,0.9398,
2020-09-01,,,,,1.869,1.0661,0.9454,
2020-09-02,,,,,1.871,1.0707,0.9435,
2020-09-03,,,,,1.861,1.0658,0.9367,
2020-09-04,,,,,1.845,1.0558,0.9361,
2020-09-07,,,,,1.804,1.0369,0.925,
2020-09-08,,,,,1.817,1.032,0.929,
2020-09-09,,,,,1.777,1.0162,0.9028,
2020-09-10,,,,,1.782,1.0147,0.9019,
2020-09-11,,,,,1.798,1.0261,0.9079,
2020-09-14,,,,,1.807,1.0348,0.9151,
2020-09-15,,,,,1.819,1.044,0.9245,
2020-09-16,,,,,1.809,1.0367,0.9198,
2020-09-17,,,,,1.804,1.0321,0.9145,
2020-09-18,,,,,1.842,1.0461,0.9319,
2020-09-21,,,,,1.827,1.0378,0.9252,
2020-09-22,,,,,1.807,1.029,0.9123,
2020-09-23,,,,,1.815,1.0378,0.9123,
2020-09-24,,,,,1.785,1.0196,0.8912,
2020-09-25,,,,,1.787,1.0227,0.8914,
2020-09-28,,,,,1.794,1.0251,0.891,
2020-09-29,,,,,1.796,1.0306,0.8963,
2020-09-30,,,,,1.794,1.035,0.8961,
2020-10-09,,,,,1.829,1.0569,0.9083,
2020-10-12,,,,,1.875,1.0796,0.9334,
2020-10-13,,,,,1.884,1.0872,0.9368,
2020-10-14,,,,,1.873,1.0825,0.9328,
2020-10-15,,,,,1.872,1.0711,0.9309,
2020-10-16,,,,,1.871,1.0701,0.9273,
2020-10-19,,,,,1.856,1.0593,0.9236,
2020-10-20,,,,,1.87,1.0699,0.927,
2020-10-21,,,,,1.87,1.0621,0.9229,
2020-10-22,,,,,1.859,1.0579,0.9166,
2020-10-23,,,,,1.832,1.042,0.9047,
2020-10-26,,,,,1.825,1.0388,0.9084,
2020-10-27,,,,,1.83,1.0488,0.9119,
2020-10-28,,,,,1.846,1.0592,0.9119,
2020-10-29,,,,,1.867,1.064,0.9101,
2020-10-30,,,,,1.834,1.0474,0.9002,
2020-11-02,,,,,1.848,1.0498,0.9082,
2020-11-03,,,,,1.866,1.0584,0.9174,
2020-11-04,,,,1.0253,1.886,1.0643,0.9202,
2020-11-05,,,,,1.914,1.0876,0.9295,
2020-11-06,,,,,1.908,1.0791,0.9282,
2020-11-09,,,,,1.941,1.0989,0.9424,
2020-11-10,,,,,1.929,1.0851,0.936,
2020-11-11,,,,,1.914,1.0605,0.9281,
2020-11-12,,,,,1.92,1.0748,0.9321,
2020-11-13,,,,,1.898,1.084,0.9269,
2020-11-16,,,,,1.911,1.0954,0.9399,
2020-11-17,,,,,1.907,1.0798,0.9403,
2020-11-18,,,,,1.903,1.0695,0.9449,
2020-11-19,,,,,1.924,1.0777,0.9536,
2020-11-20,,,,,1.93,1.0952,0.9633,
2020-11-23,,,,,1.952,1.1052,0.9703,
2020-11-24,,,,,1.94,1.104,0.9671,
2020-11-25,,,,,1.917,1.0843,0.9567,
2020-11-26,,,,,1.826,1.0908,0.9602,
2020-11-27,,,,,1.853,1.0982,0.9755,
2020-11-30,,,,,1.847,1.0892,0.9723,
2020-12-01,,,,,1.884,1.1098,0.9927,
2020-12-02,,,,,1.885,1.0998,0.9922,
2020-12-03,,,,,1.88,1.1029,0.983,
2020-12-04,,,,,1.883,1.1092,0.9883,
2020-12-07,,,,,1.875,1.1068,0.9783,
2020-12-08,,,,,1.869,1.1087,0.973,
2020-12-09,,,,,1.847,1.1012,0.9539,
2020-12-10,,,,,1.851,1.0987,0.9532,
2020-12-11,,,,,1.836,1.0947,0.9459,
2020-12-14,,,,,1.849,1.1015,0.957,
2020-12-15,,,,,1.856,1.1034,0.9567,
2020-12-16,,,,,1.859,1.1134,0.9577,
2020-12-17,,,,,1.879,1.1233,0.9655,
2020-12-18,,,,,1.874,1.1183,0.9628,
2020-12-21,,,,,1.895,1.1369,0.9721,
2020-12-22,,,,,1.87,1.1285,0.9581,
2020-12-23,,,,,1.893,1.1503,0.9651,
2020-12-24,,,,,1.896,1.1471,0.9652,
2020-12-25,2.09117,,,1.0,1.914,1.1596,0.9747,
2020-12-28,,,,,1.924,1.153,0.9746,
2020-12-29,,,,,1.818,1.1485,0.9707,
2020-12-30,,,,,1.846,1.1738,0.9811,
2020-12-31,,,,,1.877,1.2023,1.0009,
2021-01-04,,,,,1.899,1.2432,1.0161,
2021-01-05,,,,,1.934,1.2547,1.034,
2021-01-06,,,,,1.957,1.261,1.0381,
2021-01-07,,,,,1.996,1.2745,1.0571,
2021-01-08,,,,,1.991,1.2737,1.059,
2021-01-11,,,,,1.98,1.2683,1.0505,
2021-01-12,,,,,2.039,1.2953,1.0748,
2021-01-13,,,,,2.032,1.27,1.0667,
2021-01-14,,,,,1.983,1.2597,1.0561,
2021-01-15,,,,,1.984,1.2662,1.0581,
2021-01-18,,,,,2.011,1.2935,1.0756,
2021-01-19,,,,,1.978,1.2876,1.0626,
2021-01-20,,,,,1.997,1.3169,1.0695,
2021-01-21,,,,,2.036,1.3348,1.0805,
2021-01-22,,,,,2.047,1.3488,1.0848,
2021-01-25,,,,,2.065,1.3912,1.0863,
2021-01-26,,,,,2.019,1.3496,1.0707,
2021-01-27,,,,,2.03,1.3468,1.0713,
2021-01-28,,,,,1.97,1.3048,1.0415,
2021-01-29,,,,,1.967,1.2934,1.0384,
2021-02-01,,,,,1.999,1.3118,1.0617,
2021-02-02,,,,,2.034,1.3514,1.071,
2021-02-03,,,,1.0061,2.033,1.366,1.0574,
2021-02-04,,,,,2.031,1.3468,1.0468,
2021-02-05,,,,,2.031,1.3412,1.0392,
2021-02-08,,,,1.0161,2.066,1.3575,1.058,
2021-02-09,,,,,2.114,1.3878,1.0772,
2021-02-10,,,,,2.157,1.406,1.091,
2021-02-18,,,,,2.135,1.4089,1.1084,
2021-02-19,,,,,2.126,1.3983,1.116,
2021-02-22,,,,,2.059,1.3591,1.1133,
2021-02-23,,,,,1.96,1.3554,1.102,
2021-02-24,,,,,1.914,1.2984,1.0814,
2021-02-25,,,,,1.928,1.2942,1.0918,
2021-02-26,1.9637,,,,1.882,1.2465,1.078,
2021-03-01,,,,,1.914,1.2931,1.0991,
2021-03-02,,,,,1.89,1.2758,1.0988,
2021-03-03,,,,,1.926,1.296,1.1057,
2021-03-04,,,,,1.861,1.2362,1.078,
2021-03-05,1.9536,,,,1.851,1.229,1.0703,
2021-03-08,,,,,1.789,1.1657,1.0463,
2021-03-09,,,,,1.749,1.1468,1.0288,
2021-03-10,,,,,1.759,1.1655,1.0231,
2021-03-11,,,,,1.802,1.2037,1.0477,
2021-03-12,1.8949,,,,1.809,1.1903,1.0437,
2021-03-15,,,,,1.768,1.1649,1.032,
2021-03-16,,,,,1.786,1.1842,1.0333,
2021-03-17,,,,,1.797,1.1949,1.0365,
2021-03-18,,,,,1.812,1.2079,1.0435,
2021-03-19,1.8793,,,,1.764,1.187,1.0283,
2021-03-22,1.9051,,,,1.779,1.1898,1.0307,
2021-03-23,,,,,1.757,1.16,1.022,
2021-03-24,,,,,1.724,1.1331,1.0023,
2021-03-25,,,,,1.727,1.1314,1.0041,
2021-03-26,1.8908,,,,1.764,1.1666,1.0243,
2021-03-29,,,,,1.766,1.1604,1.0216,
2021-03-30,,,,,1.785,1.1784,1.0249,
2021-03-31,,,,,1.768,1.1671,1.0122,
2021-04-01,,,,,1.791,1.1968,1.0235,
2021-04-02,1.9235,,,,1.807,1.2096,1.0365,
2021-04-05,,,,,,,,
2021-04-06,,,,,1.801,1.2118,1.0283,
2021-04-07,,,,,1.789,1.1921,1.0204,
2021-04-08,,,,,1.792,1.1925,1.0214,
2021-04-09,1.9225,,,,1.764,1.1781,1.0132,
2021-04-12,,,,,1.731,1.1446,0.9878,
2021-04-13,,,,,1.728,1.1403,0.9798,
2021-04-14,,,,,1.743,1.1658,0.9895,
2021-04-15,,,,,1.735,1.1666,0.9883,
2021-04-16,1.9106,,,,1.74,1.1734,0.9901,
2021-04-19,,,,,1.786,1.2034,1.0094,
2021-04-20,,,,,1.785,1.2006,1.0098,
2021-04-21,,,,,1.789,1.1939,1.0142,
2021-04-22,1.9585,,,,1.791,1.201,1.0158,
2021-04-23,1.966,,,,1.809,1.2196,1.013,
2021-04-26,,,,,1.792,1.2111,1.0149,
2021-04-27,,,,,1.798,1.211,1.0155,
2021-04-28,,,,,1.807,1.2202,1.0172,
2021-04-29,,,,,1.821,1.218,1.0221,
2021-04-30,1.9706,,,,1.808,1.2194,1.0201,
2021-05-06,,,,,1.793,1.208,1.0192,
2021-05-07,1.935,,,,1.772,1.1805,1.0092,
2021-05-10,,,,,1.769,1.1825,1.0063,
2021-05-11,,,,,1.77,1.1757,1.0023,
2021-05-12,,,,,1.775,1.1856,1.0038,
2021-05-13,,,,,1.674,1.1687,0.9897,
2021-05-14,1.9897,,,,1.712,1.1903,0.9996,
2021-05-17,,,,,1.739,1.2141,1.0094,
2021-05-18,,,,,1.737,1.2223,1.0125,
2021-05-19,,,,,1.734,1.2333,1.0059,
2021-05-20,,,,,1.738,1.2387,1.0006,
2021-05-21,2.0101,,,,1.718,1.2317,0.997,
2021-05-24,,,,,1.726,1.2414,0.9984,
2021-05-25,,,,,1.782,1.2745,1.0133,
2021-05-26,2.1255,,,,1.783,1.2649,1.0107,
2021-05-27,,,,,1.787,1.263,1.0202,
2021-05-28,2.1039,,,,1.78,1.2693,1.0144,
2021-05-31,,,,,1.783,1.3028,1.02,
2021-06-01,,,,,1.788,1.3035,1.0249,
2021-06-02,,,,,1.774,1.2918,1.0166,
2021-06-03,,,,,1.758,1.2779,1.0117,
2021-06-04,2.1256,,,,1.766,1.2752,1.017,
2021-06-07,,,,,1.765,1.2666,1.0197,
2021-06-08,,,,,1.75,1.2506,1.0185,
2021-06-09,,,,,1.752,1.25,1.0168,
2021-06-10,,,,,1.763,1.2631,1.0166,
2021-06-11,2.1353,,,,1.751,1.2608,1.0069,
2021-06-15,,,,,1.73,1.2533,0.9978,
2021-06-16,,,,,1.7,1.2093,0.985,
2021-06-17,,,,,1.708,1.2273,0.9956,
2021-06-18,2.1298,,,,1.707,1.2474,0.9949,
2021-06-21,,,,,1.704,1.251,0.993,
2021-06-22,2.1682,,,,1.717,1.243,0.9942,
2021-06-23,,,,,1.729,1.2616,1.0016,
2021-06-24,,,,,1.733,1.2642,1.0,
2021-06-25,2.1925,,,,1.764,1.2831,1.0064,
2021-06-28,,,,,1.766,1.2986,1.0037,
2021-06-29,,,,,1.746,1.2906,0.992,
2021-06-30,,,,,1.761,1.2947,0.9984,
2021-07-01,,,,,1.764,1.2851,0.9986,
2021-07-02,,,,,1.713,1.2573,0.9824,
2021-07-05,,,,,1.712,1.2715,0.9848,
2021-07-06,,,,,1.715,1.2584,0.9875,
2021-07-07,,,,,1.731,1.2936,0.994,
2021-07-08,,,,,1.712,1.2834,0.9906,
2021-07-09,2.287,,,,1.709,1.2888,0.9926,
2021-07-12,,,,,1.725,1.321,1.0008,
2021-07-13,,,,,1.726,1.3307,0.9939,
2021-07-14,,,,,1.708,1.3151,0.982,
2021-07-15,,,,,1.733,1.3285,0.9874,
2021-07-16,,,,,1.716,1.3153,0.9828,
2021-07-18,,,,,,,,
2021-07-19,,,,,1.724,1.3024,0.9811,
2021-07-20,,,,,1.719,1.3087,0.9884,
2021-07-21,,,,,1.728,1.3449,1.0033,
2021-07-22,2.3363,,,,1.731,1.3496,1.0212,
2021-07-23,,,,,1.71,1.3253,1.0176,
2021-07-26,,,,,1.654,1.2844,1.0043,
2021-07-27,,,,,1.527,1.2267,0.9826,
2021-07-28,,,,,1.533,1.2305,0.9768,
2021-07-29,,,,,1.56,1.2868,0.9988,
2021-07-30,2.2532,,,,1.545,1.28,0.9962,
2021-07-31,,,,,,,,
2021-08-02,,,,,1.587,1.3047,1.006,
2021-08-03,,,,,1.596,1.2885,1.0011,
2021-08-04,,,,,1.61,1.3192,1.0171,
2021-08-05,,,,,1.601,1.3154,1.0155,
2021-08-06,2.3167,,,,1.594,1.3089,1.0124,
2021-08-09,,,,,1.616,1.3068,1.0239,
2021-08-10,,,,,1.635,1.324,1.0255,
2021-08-11,,,,,1.626,1.3119,1.0303,
2021-08-12,,,,,1.613,1.3066,1.0265,
2021-08-13,2.3893,,,,1.611,1.295,1.0206,
2021-08-16,,,,,1.612,1.2822,1.0264,
2021-08-17,,,,,1.581,1.2548,1.0108,
2021-08-18,,,,,1.598,1.2587,1.0142,
2021-08-19,,,,,1.582,1.2586,1.007,
2021-08-20,,,,,1.554,1.2442,1.0031,
2021-08-23,2.3728,,,,1.58,1.2738,1.0168,
2021-08-24,,,,,1.595,1.2904,1.0199,
2021-08-25,,,,,1.598,1.309,1.0234,
2021-08-26,,,,,1.567,1.2921,1.0109,
2021-08-27,2.4068,,,,1.579,1.3026,1.0078,
2021-08-30,,,,,1.57,1.3136,1.0026,
2021-08-31,,,,,1.568,1.3066,1.0036,
2021-09-01,,,,,1.594,1.2894,1.0019,
2021-09-02,,,,,1.597,1.3044,1.0017,
2021-09-03,2.4257,,,,1.587,1.2944,1.0007,
2021-09-06,,,,,1.612,1.3184,1.0085,
2021-09-07,,,,,1.637,1.3307,1.0077,
2021-09-08,,,,,1.627,1.3155,1.0051,
2021-09-09,,,,,1.628,1.3064,1.0048,
2021-09-10,2.5145,,,,1.642,1.3194,1.0213,
2021-09-13,,,,,1.642,1.2969,1.0218,
2021-09-14,,,,,1.614,1.2802,1.0038,
2021-09-15,,,,,1.595,1.2711,0.9951,
2021-09-16,,,,,1.572,1.2521,0.9787,
2021-09-17,2.48558,,,,1.585,1.2615,0.9767,
2021-09-22,2.505,,,,1.572,1.2522,0.9765,
2021-09-23,,,1.0061,,1.574,1.2609,0.9827,
2021-09-24,2.4837,,,,1.568,1.2672,0.9789,
2021-09-25,,,,,,,,
2021-09-27,,,,,1.574,1.2753,0.9798,
2021-09-28,,,,,1.582,1.2763,0.987,
2021-09-29,,,1.0,,1.566,1.2612,0.9754,
2021-09-30,2.4165,,,,1.573,1.2744,0.9755,
2021-10-01,,,1.0346,,,,,
2021-10-08,2.4183,,1.0002,,1.59,1.2863,0.9897,
2021-10-11,,,1.0003,,1.6,1.2972,1.0009,
2021-10-12,,,,,1.585,1.2798,0.9902,
2021-10-13,,,,,1.6,1.3015,0.9941,
2021-10-14,,,1.0189,,1.594,1.3065,0.9952,
2021-10-15,2.36123,,,,1.605,1.3158,1.0001,
2021-10-16,,,,,,,,
2021-10-18,,,1.0431,,1.589,1.2979,0.9887,
2021-10-19,,,,,1.604,1.3088,0.99,
2021-10-20,,,,,1.594,1.3154,0.9767,
2021-10-21,,,1.0557,,1.605,1.3094,0.9798,
2021-10-22,2.3822,,,,1.616,1.3105,0.9878,
2021-10-25,,,1.059,,1.622,1.3144,0.9835,
2021-10-26,,,,,1.616,1.3062,0.9771,
2021-10-27,,,,,1.592,1.2885,0.9689,
2021-10-28,,,1.0215,,1.581,1.2776,0.9618,
2021-10-29,2.36338,,,,1.514,1.2945,0.967,
2021-10-30,,,,,,,,
2021-10-31,,,,,,,,
2021-11-01,,,,,1.506,1.2945,0.9682,
2021-11-02,,,,,1.487,1.2883,0.9639,
2021-11-03,,,,,1.482,1.2793,0.9684,
2021-11-04,,,,,1.496,1.3062,0.9769,
2021-11-05,2.33549,,,,1.488,1.2974,0.9656,
2021-11-08,,,,,1.486,1.3005,0.9682,
2021-11-09,,,,,1.483,1.3052,0.9767,
2021-11-10,,,,,1.475,1.3062,0.9834,
2021-11-11,,,1.0253,,1.504,1.3067,1.0016,
2021-11-12,2.40462,,,,1.5,1.3174,1.0036,
2021-11-15,,,,,1.499,1.312,0.9983,
2021-11-16,,,,,1.5,1.3181,0.9867,
2021-11-17,,,,,1.498,1.3299,0.9888,
2021-11-18,,,,,1.483,1.3207,0.9821,
2021-11-19,2.43203,,,,1.503,1.3296,0.9978,
2021-11-22,,,,,1.507,1.3452,1.0012,
2021-11-23,,,,,1.508,1.3391,0.9977,
2021-11-24,,,,,1.51,1.3415,0.9986,
2021-11-25,,,1.0503,,1.507,1.3432,0.9931,
2021-11-26,2.4634,,,,1.496,1.332,0.9847,
2021-11-29,,,,,1.493,1.335,0.9878,
2021-11-30,,,,,1.488,1.3309,0.9884,
2021-12-01,,1.2153,,,1.492,1.3263,0.9881,
2021-12-02,,,1.0467,,1.5,1.3298,0.9908,
2021-12-03,2.50577,1.2093,,,1.514,1.3469,1.0062,
2021-12-06,,,,,1.517,1.3339,1.0057,
2021-12-07,,,,,1.529,1.3309,1.0021,
2021-12-08,,,,,1.549,1.3573,1.0161,
2021-12-09,,,1.0358,,1.574,1.3699,1.0324,
2021-12-10,2.5047,1.2062,,,1.565,1.3666,1.0203,
2021-12-13,,,1.0474,,1.577,1.3677,1.0223,
2021-12-14,,,,,1.567,1.3656,1.0201,
2021-12-15,,,,,1.555,1.3516,1.0212,
2021-12-16,,,1.0469,,1.564,1.3549,0.8651,
2021-12-17,2.4871,1.1799,1.0294,,1.537,1.33,0.8528,
2021-12-20,,,,,1.515,1.3179,0.8439,
2021-12-21,,,,,1.525,1.3236,0.8572,
2021-12-22,,,,,1.526,1.3328,0.8651,
2021-12-23,,,1.0312,,1.538,1.3426,0.8751,
2021-12-24,,,,,1.533,1.3495,0.8741,
2021-12-25,2.4629,1.1468,1.0119,,,,,
2021-12-27,,,,,1.527,1.3343,0.87,
2021-12-28,,,,,1.538,1.3394,0.8682,
2021-12-29,,,,,1.515,1.3229,0.8571,
2021-12-30,,,,,1.528,1.3373,0.8708,
2021-12-31,2.5142,1.1788,,,1.532,1.3384,0.8773,
2022-01-04,,,,,1.525,1.3324,0.8717,
2022-01-05,,,,,1.509,1.2998,0.8526,
2022-01-06,,,1.0037,,1.492,1.2912,0.8459,
2022-01-07,2.4282,1.0923,,,1.497,1.2833,0.8418,
2022-01-10,,,,,1.501,1.2913,0.8408,
2022-01-11,,,0.9715,,1.487,1.2782,0.8279,
2022-01-12,,,,,1.5,1.3051,0.8349,
2022-01-13,,,0.9706,,1.474,1.2738,0.8169,
2022-01-14,2.417,1.0912,,,1.462,1.2715,0.8148,
2022-01-17,,,0.9979,,1.471,1.2796,0.8259,
2022-01-18,,,,,1.489,1.2791,0.8397,
2022-01-19,,,,,1.483,1.2634,0.8331,
2022-01-20,,,,,1.497,1.2699,0.8256,
2022-01-21,2.3875,1.0673,0.9445,,1.483,1.2635,0.8136,
2022-01-24,2.4046,,,,1.485,1.2604,0.8216,
2022-01-25,,,,,1.454,1.2372,0.7979,
2022-01-26,,,,,1.463,1.2322,0.8039,
2022-01-27,,,,,1.438,1.2099,0.7871,
2022-01-28,2.2798,1.025,0.8922,,1.418,1.1962,0.7775,
2022-02-07,,,,,1.442,1.2036,0.7895,
2022-02-08,,,,,1.434,1.1852,0.783,
2022-02-09,,,,,1.446,1.2109,0.7894,
2022-02-10,,,0.9026,,1.444,1.2086,0.7917,
2022-02-11,2.2809,0.974,,,1.434,1.1936,0.7798,
2022-02-14,,,0.8853,,1.414,1.189,0.7682,
2022-02-15,,,,,1.426,1.2084,0.7803,
2022-02-16,,,,,1.434,1.2105,0.7813,
2022-02-17,,,0.9176,,1.437,1.2098,0.7809,
2022-02-18,2.3605,0.9989,0.928,,1.446,1.2114,0.7865,
2022-02-21,,,,,1.441,1.2087,0.7859,
2022-02-22,,,,,1.42,1.1942,0.7747,
2022-02-23,,,,,1.433,1.2161,0.7901,
2022-02-24,,,0.9175,,1.405,1.1917,0.7793,
2022-02-25,,1.0277,,,1.416,1.2043,0.7894,
2022-02-28,,,0.9354,,1.417,1.2107,0.7916,
2022-03-01,,,,,1.429,1.2169,0.7943,
2022-03-02,,,,,1.416,1.2109,0.7895,
2022-03-03,,,,,1.412,1.1963,0.785,
2022-03-04,2.3381,0.9892,,,1.396,1.1792,0.7791,
2022-03-07,,,0.9038,,1.354,1.1435,0.762,
2022-03-08,,,,,1.328,1.1206,0.7481,
2022-03-09,,,,,1.316,1.1111,0.7462,
2022-03-10,,,0.8915,,1.334,1.1327,0.7533,
2022-03-11,2.2534,0.9489,,,1.338,1.1322,0.7494,
2022-03-14,,,0.8689,,1.3,1.093,0.7281,
2022-03-15,,,,,1.239,1.0535,0.6937,
2022-03-16,,,,,1.293,1.107,0.7202,
2022-03-17,,,,,1.32,1.1351,0.731,
2022-03-18,,0.9323,,,1.331,1.1347,0.7405,1.0
2022-03-21,,,,,1.327,1.1347,0.7399,
2022-03-22,2.2487,,,,1.328,1.1264,0.7399,
2022-03-23,,,0.9041,,1.333,1.1344,0.7427,
2022-03-24,,,,,1.329,1.1262,0.7285,
2022-03-25,2.2187,0.9101,0.8848,,1.304,1.1074,0.7164,0.9997
2022-03-28,,,,,1.298,1.092,0.7162,
2022-03-29,,,,,1.294,1.0922,0.71,
2022-03-30,,,,,1.329,1.1149,0.7298,
2022-03-31,,,0.882,,1.321,1.0994,0.7191,
2022-04-01,,0.9018,0.8842,,1.339,1.1091,0.7239,0.9991
2022-04-06,,,,,1.338,1.1051,0.7201,
2022-04-07,,,,,1.322,1.0933,0.7058,
2022-04-08,2.1945,0.8549,0.8558,,1.332,1.0899,0.7063,0.9968
2022-04-11,,,,,1.295,1.0445,0.683,
2022-04-12,,,,,1.314,1.0645,0.683,
2022-04-13,,,,,1.303,1.0541,0.6766,
2022-04-14,,,0.8346,,1.319,1.068,0.6892,
2022-04-15,2.1363,0.8116,0.8291,,1.26,1.0642,0.6911,0.9935
2022-04-18,,,,,1.247,1.073,0.6911,
2022-04-19,,,,,1.236,1.0663,0.6903,
2022-04-20,,,,,1.216,1.0505,0.6773,
2022-04-21,,,,,1.196,1.0227,0.6616,
2022-04-22,2.0299,0.7852,0.7797,,1.203,1.0192,0.6665,0.9878
2022-04-25,,,,,1.147,0.9652,0.637,
2022-04-26,,,,,1.142,0.9591,0.628,
2022-04-27,,,,,1.176,0.9947,0.649,
2022-04-28,,,,,1.188,1.0044,0.6532,
2022-04-29,2.0014,0.7779,0.7476,,1.212,1.0404,0.6739,0.9804
2022-05-05,,,,,1.209,1.0451,0.6735,
2022-05-06,,0.7755,0.7491,,1.177,1.0241,0.6522,0.9812
2022-05-09,,,,,1.167,1.0252,0.6504,
2022-05-10,,,,,1.177,1.0333,0.6609,
2022-05-11,,,,,1.19,1.0497,0.6668,
2022-05-12,,,,,1.183,1.0486,0.6656,
2022-05-13,2.0877,0.8168,0.7783,,1.192,1.0556,0.6716,0.9994
2022-05-16,,,,,1.183,1.0507,0.6702,
2022-05-17,,,,,1.198,1.0666,0.6765,
2022-05-18,,,,,1.192,1.0704,0.6776,
2022-05-19,,,,,1.192,1.0743,0.6824,
2022-05-20,2.1621,0.8479,0.8015,,1.214,1.0901,0.6888,1.0201
2022-05-23,,,,,1.207,1.0954,0.6803,
2022-05-24,,,,,1.181,1.0633,0.6637,
2022-05-25,,,,,1.187,1.0677,0.6727,
2022-05-26,,,,,1.19,1.0723,0.6761,
2022-05-27,2.1389,0.8199,0.8012,,1.192,1.0737,0.673,1.0163
2022-05-30,,,,,1.199,1.0921,0.6738,
2022-05-31,,,,,1.214,1.1064,0.6823,
2022-06-01,,,,,1.213,1.1044,0.6816,
2022-06-02,2.2115,0.9098,0.8264,,1.213,1.1082,0.686,1.0481
2022-06-06,,,,,1.235,1.1374,0.6962,
2022-06-07,,,,,1.239,1.1417,0.6943,
2022-06-08,,,,,1.25,1.1572,0.692,
2022-06-09,,,,,1.242,1.1413,0.6814,
2022-06-10,2.29,0.92,0.8531,,1.259,1.1599,0.6928,1.0457
2022-06-13,,,,,1.241,1.153,0.6839,1.0575
2022-06-14,,,,,1.252,1.1498,0.6847,1.0511
2022-06-15,,,,,1.27,1.1548,0.6896,1.0502
2022-06-16,,,,,1.26,1.1525,0.6909,1.0622
2022-06-17,2.3314,0.9288,0.8727,,1.274,1.1694,0.6951,1.0706
2022-06-20,,,,,1.282,1.1796,0.7039,1.0911
2022-06-21,,,,,1.283,1.1722,0.7036,1.1056
2022-06-22,,,,,1.265,1.1574,0.6903,1.0865
2022-06-23,,,0.8818,,1.285,1.1795,0.7024,1.1104
2022-06-24,2.3805,0.9451,0.8951,,1.3,1.2002,0.7088,1.1228
2022-06-27,,,,,1.314,1.2201,0.7137,1.1294
2022-06-28,,,,,1.324,1.2369,0.7228,1.1552
2022-06-29,,,,,1.311,1.2124,0.7163,1.1389
2022-06-30,,,,,1.333,1.2283,0.7256,1.1418
2022-07-01,2.4247,0.9409,,,1.328,1.2344,0.7232,1.1404
2022-07-02,,,,,,,,
2022-07-04,,,0.9237,,1.336,1.2482,0.7261,1.1413
2022-07-05,,,,,1.333,1.2461,0.7188,1.1263
2022-07-06,,,,,1.257,1.2286,0.7125,1.1207
2022-07-07,,,0.9244,,1.257,1.2316,0.717,1.1254
2022-07-08,2.4372,0.9531,0.9194,,1.255,1.2335,0.7149,1.1389
2022-07-11,,,,,1.236,1.2039,0.7036,1.1273
2022-07-12,,,,,1.228,1.1852,0.7006,1.1014
2022-07-13,,,,,1.228,1.1935,0.7073,1.1207
2022-07-14,,,,,1.225,1.2077,0.7118,1.1305
2022-07-15,2.3759,0.9344,0.9032,,1.207,1.1985,0.7034,1.1075
2022-07-18,,,,,1.218,1.2041,0.717,1.1407
2022-07-19,,,,,1.212,1.2008,0.7126,1.1569
2022-07-20,,,,,1.216,1.2069,0.7157,1.167
2022-07-21,,,,,1.203,1.1942,0.7149,1.1655
2022-07-22,2.413,0.9496,0.9251,,1.201,1.1922,0.7143,1.1695
2022-07-25,,,,,1.196,1.1822,0.7077,1.1621
2022-07-26,,,,,1.207,1.1917,0.7194,1.1704
2022-07-27,,,,,1.199,1.1947,0.7235,1.184
2022-07-28,,,,,1.198,1.1902,0.729,1.1922
2022-07-29,2.4224,0.9576,0.9406,,1.182,1.1715,0.7212,1.1902
2022-08-01,,,,,1.183,1.1879,0.7287,1.1955
2022-08-02,,,,,1.161,1.1713,0.7195,1.167
2022-08-03,,,,,1.152,1.167,0.7089,1.1682
2022-08-04,,,,,1.161,1.1737,0.707,1.1843
2022-08-05,2.4051,0.9918,0.9266,,1.177,1.1936,0.7202,1.1938
2022-08-08,,,,,1.173,1.1953,0.7206,1.2068
2022-08-09,,,,,1.174,1.1966,0.7193,1.2137
2022-08-10,,,,,1.162,1.189,0.7163,1.2227
2022-08-11,,,,,1.185,1.2028,0.7304,1.2326
2022-08-12,2.4624,0.9954,0.9586,,1.186,1.1982,0.7253,1.2251
2022-08-15,,,,,1.182,1.2078,0.7275,1.2261
2022-08-16,,,,,1.179,1.2063,0.7247,1.2326
2022-08-17,,,,,1.188,1.2082,0.7344,1.2322
2022-08-18,,,,,1.178,1.2056,0.7303,1.2388
2022-08-19,2.4886,0.9868,0.9677,,1.171,1.1908,0.7248,1.2266
2022-08-22,,,,,1.178,1.2052,0.7277,1.2297
2022-08-23,,,,,1.17,1.2138,0.7275,1.2357
2022-08-24,,,,,1.151,1.1861,0.7058,1.2087
2022-08-25,,,,,1.163,1.1934,0.7079,1.2011
2022-08-26,2.4114,0.9426,0.937,,1.16,1.1982,0.7045,1.1942
2022-08-29,,,,,1.154,1.1924,0.7036,1.2065
2022-08-30,,,,,1.152,1.1768,0.7039,1.2104
2022-08-31,,,,,1.156,1.1561,0.6971,1.181
2022-09-01,,,,,1.146,1.1439,0.6951,1.1797
2022-09-02,2.3582,0.9234,0.9023,,1.14,1.1363,0.6953,1.2021
2022-09-05,,,,,1.135,1.1299,0.6952,1.207
2022-09-06,,,,,1.144,1.1532,0.7047,1.2125
2022-09-07,,,,,1.145,1.1562,0.7122,1.2093
2022-09-08,,,,,1.142,1.155,0.708,1.202
2022-09-09,2.4189,0.9302,0.9296,,1.159,1.1612,0.7177,1.1983
2022-09-13,,,,,1.163,1.1655,0.7177,1.2023
2022-09-14,,,,,1.151,1.1628,0.7177,1.1941
2022-09-15,,,,,1.144,1.1424,0.7103,1.1733
2022-09-16,2.2785,0.8965,0.8704,,1.119,1.1282,0.6958,1.1427
2022-09-19,,,,,1.119,1.1224,0.697,1.1241
2022-09-20,,,,,1.119,1.1405,0.6897,1.1397
2022-09-21,,,,,1.11,1.1344,0.6861,1.1496
2022-09-22,,,,,1.099,1.1277,0.6788,1.146
2022-09-23,2.2574,0.8695,0.8622,,1.096,1.1178,0.6712,1.125
2022-09-26,,,,,1.093,1.1227,0.6703,1.1034
2022-09-27,,,,,1.106,1.141,0.6826,1.1271
2022-09-28,,,,,1.088,1.1199,0.6682,1.1007
2022-09-29,,,,,1.089,1.1192,0.6676,1.0955
2022-09-30,2.1902,0.8527,0.8335,,1.083,1.0989,0.6652,1.0823
2022-10-10,,,,,1.059,1.0739,0.6501,1.0662
2022-10-11,,,,,1.061,1.0752,0.6411,1.074
2022-10-12,,,,,1.074,1.0898,0.6551,1.1043
2022-10-13,,,,,1.062,1.0858,0.6509,1.1156
2022-10-14,2.2775,0.8714,0.8673,,1.083,1.1093,0.6583,1.1363
2022-10-17,,,,,1.083,1.1094,0.6651,1.1522
2022-10-18,,,,,1.081,1.1173,0.6613,1.1582
2022-10-19,,,,,1.064,1.1037,0.6578,1.1539
2022-10-20,,,,,1.057,1.098,0.6622,1.1501
2022-10-21,2.2568,0.8914,0.8647,,1.052,1.0931,0.6596,1.1499
2022-10-24,,,,,1.023,1.0689,0.6528,1.1348
2022-10-25,,,,,1.02,1.0705,0.6482,1.1343
2022-10-26,,,,,1.025,1.0865,0.6535,1.1572
2022-10-27,,,,,1.018,1.0713,0.655,1.1572
2022-10-28,2.1628,0.8848,0.8347,,0.996,1.047,0.645,1.1188
2022-10-31,,,,,0.986,1.0496,0.6417,1.1367
2022-11-01,,,,,1.018,1.0832,0.6469,1.165
2022-11-02,,,,,1.028,1.0926,0.653,1.1827
2022-11-03,,,,,1.018,1.0913,0.6528,1.1868
2022-11-04,2.3424,0.9533,0.8978,,1.05,1.1286,0.6679,1.2041
2022-11-07,,,,,1.052,1.1254,0.6641,1.2117
2022-11-08,,,,,1.046,1.1198,0.6611,1.2103
2022-11-09,,,,,1.038,1.11,0.6599,1.209
2022-11-10,,,,,1.03,1.097,0.6508,1.2049
2022-11-11,2.3459,0.9148,0.8952,,1.062,1.1158,0.6682,1.2095
2022-11-14,,,,,1.065,1.1032,0.6709,1.2078
2022-11-15,,,,,1.081,1.1242,0.6898,1.2298
2022-11-16,,,,,1.072,1.1153,0.6764,1.2299
2022-11-17,,,,,1.066,1.1116,0.6802,1.2335
2022-11-18,2.3464,0.9148,0.8964,,1.064,1.107,0.6718,1.2238
2022-11-21,,,,,1.054,1.101,0.673,1.2258
2022-11-22,,,,,1.053,1.0904,0.668,1.2173
2022-11-23,,,,,1.057,1.0919,0.6668,1.2129
2022-11-24,,,,,1.054,1.0871,0.6671,1.2167
2022-11-25,2.328,0.886,0.8903,,1.056,1.0764,0.6703,1.2083
2022-11-28,,,,,1.046,1.0738,0.6686,1.2022
2022-11-29,,,,,1.072,1.0945,0.6863,1.2252
2022-11-30,,,,,1.074,1.1022,0.6741,1.2247
2022-12-01,,,,,1.083,1.1167,0.682,1.2312
2022-12-02,2.3862,0.9003,0.9098,,1.077,1.1089,0.6747,1.2406
2022-12-05,,,,,1.093,1.1163,0.6773,1.2518
2022-12-06,,,,,1.098,1.1259,0.6827,1.2466
2022-12-07,,,,,1.096,1.1317,0.6784,1.2484
2022-12-08,,,,,1.096,1.1347,0.6804,1.2482
2022-12-09,2.4172,0.8944,0.9187,,1.104,1.1431,0.6875,1.2462
2022-12-12,,,,,1.093,1.1419,0.684,1.2379
2022-12-13,,,,,1.09,1.1418,0.6749,1.2421
2022-12-14,,,,,1.092,1.1438,0.6733,1.2393
2022-12-15,,,,,1.091,1.1493,0.676,1.2397
2022-12-16,2.3768,0.8659,0.9043,,1.09,1.1423,0.6741,1.234
2022-12-19,,,,,1.074,1.1295,0.6619,1.2072
2022-12-20,,,,,1.059,1.1122,0.6546,1.2025
2022-12-21,,,,,1.058,1.114,0.65,1.1996
2022-12-22,,,,,1.057,1.1098,0.648,1.1884
2022-12-23,,,,,1.054,1.1023,0.647,1.1876
2022-12-25,2.2748,0.8181,0.8687,,,,,
2022-12-26,,,,,1.06,1.1182,0.6508,1.1951
2022-12-27,,,,,1.068,1.1268,0.6574,1.2014
2022-12-28,,,,,1.065,1.1208,0.6539,1.1909
2022-12-29,,,,,1.06,1.1213,0.6504,1.1864
2022-12-30,2.3251,0.8466,0.8819,,1.064,1.1242,0.6507,1.1953
2022-12-31,,,,,1.064,1.1241,0.6506,1.1953
2023-01-03,,,,,1.07,1.1438,0.6589,1.2087
2023-01-04,,,,,1.07,1.1379,0.6626,1.2118
2023-01-05,,,,,1.09,1.1581,0.6733,1.2199
2023-01-06,2.4034,0.8891,0.9062,,1.095,1.1603,0.6699,1.2171
2023-01-09,,,,,1.103,1.1671,0.6706,1.2239
2023-01-10,,,,,1.106,1.1674,0.6716,1.223
2023-01-11,,,,,1.104,1.1608,0.6712,1.2144
2023-01-12,,,,,1.105,1.1617,0.6656,1.2137
2023-01-13,2.4183,0.8825,0.9105,,1.119,1.1729,0.6658,1.2226
2023-01-16,,,,,1.132,1.1824,0.6765,1.2351
2023-01-17,,,,,1.131,1.184,0.6812,1.2343
2023-01-18,,,,,1.13,1.1866,0.681,1.2383
2023-01-19,,,,,1.136,1.195,0.6877,1.2441
2023-01-20,2.4858,0.9161,0.9357,,1.143,1.2007,0.688,1.2521
2023-01-30,,,,,1.146,1.207,0.6833,1.2675
2023-01-31,,,,,1.134,1.1997,0.6796,1.2708
2023-02-01,,,,,1.143,1.2175,0.6833,1.289
2023-02-02,,,,,1.14,1.2172,0.6879,1.2928
2023-02-03,2.5218,0.952,0.9499,,1.129,1.2114,0.6836,1.2918
2023-02-06,,,,,1.116,1.1937,0.6772,1.2891
2023-02-07,,,,,1.117,1.1951,0.6799,1.299
2023-02-08,,,,,1.112,1.1904,0.6766,1.296
2023-02-09,,,,,1.127,1.2108,0.6879,1.3129
2023-02-10,2.5227,0.9631,0.9552,,1.121,1.1958,0.684,1.3121
2023-02-13,,,,,1.131,1.2131,0.6846,1.3206
2023-02-14,,,,,1.132,1.2119,0.6835,1.3234
2023-02-15,,,,,1.126,1.2065,0.6814,1.3289
2023-02-16,,,,,1.118,1.1956,0.6715,1.3029
2023-02-17,2.4816,0.9366,0.9415,,1.103,1.1769,0.6591,1.2981
2023-02-20,,,,,1.127,1.1903,0.6697,1.3115
2023-02-21,,,,,1.129,1.1856,0.669,1.3167
2023-02-22,,,,,1.122,1.1782,0.666,1.3188
2023-02-23,,,,,1.121,1.1773,0.6656,1.3171
2023-02-24,2.52,0.9441,0.9573,,1.11,1.1705,0.6608,1.3162
2023-02-27,,,,,1.107,1.1727,0.656,1.3075
2023-02-28,,,,,1.114,1.1785,0.6591,1.3179
2023-03-01,,,,,1.127,1.1922,0.6642,1.3289
2023-03-02,,,,,1.123,1.1821,0.6582,1.3283
2023-03-03,2.5416,0.9425,0.9695,,1.126,1.1837,0.6616,1.327
2023-03-06,,,,,1.123,1.194,0.6617,1.3268
2023-03-07,,,,,1.109,1.173,0.6488,1.3055
2023-03-08,,,,,1.105,1.1686,0.651,1.3155
2023-03-09,,,,,1.103,1.163,0.6545,1.32
2023-03-10,2.4679,0.9446,0.9429,,1.089,1.1459,0.6473,1.3062
2023-03-13,,,,,1.101,1.1538,0.6535,1.3122
2023-03-14,,,,,1.092,1.1438,0.6534,1.2999
2023-03-15,,,,,1.093,1.1416,0.6525,1.3116
2023-03-16,,,,,1.08,1.1258,0.646,1.2967
2023-03-17,2.4412,0.9288,0.9433,,1.083,1.1241,0.6514,1.3096
2023-03-20,,,,,1.078,1.1145,0.6463,1.3081
2023-03-21,,,,,1.088,1.1311,0.6498,1.3224
2023-03-22,,,,,1.091,1.1313,0.6523,1.3332
2023-03-23,,,,,1.101,1.138,0.6579,1.3359
2023-03-24,2.4957,0.941,0.9656,,1.098,1.1332,0.6564,1.3367
2023-03-27,,,,,1.097,1.1281,0.6496,1.334
2023-03-28,,,,,1.095,1.1219,0.6424,1.3262
2023-03-29,,,,,1.095,1.1259,0.6515,1.3224
2023-03-30,,,,,1.102,1.1297,0.6512,1.3185
2023-03-31,,,,,1.106,1.1323,0.6524,1.329
2023-04-03,,,,,1.117,1.1323,0.6642,1.3436
2023-04-04,,,,,1.121,1.1252,0.6659,1.3399
2023-04-06,,,,,1.119,1.1292,0.6749,1.3383
2023-04-07,,,,,1.124,1.1351,0.6848,1.3468
2023-04-10,,,,,1.119,1.1376,0.6809,1.3335
2023-04-11,,,,,1.118,1.1317,0.6775,1.3375
2023-04-12,,,,,1.117,1.1224,0.6882,1.3496
2023-04-13,,,,,1.11,1.1206,0.6771,1.3413
2023-04-14,,,,,1.116,1.1273,0.6893,1.3445
2023-04-17,,,,,1.132,1.1331,0.6887,1.3504
2023-04-18,,,,,1.137,1.1333,0.6877,1.3448
